{
  "requests": {
    "row_count": 10,
    "data": [
      {
        "Changes": "",
        "req_id": "I052356",
        "emet_uperid": "u015722",
        "benef_uperid": "u015722",
        "type": "Incident",
        "severite": "",
        "object": "",
        "date_create": "23/07/2021 14:21:25",
        "date_prev": "",
        "date_modif": "23/07/2021 14:21:29",
        "ctner1": "Support BSR",
        "ctner2": "VDI",
        "resume": "Déclarer un incident Applicatif lié à votre VDI - BSR",
        "emetteur": "Damien LORIDON",
        "beneficiaire": "Damien LORIDON",
        "grpEnChg": "Demandeur",
        "userEnChg": "Damien LORIDON",
        "site_beneficiaire": "ALTICE CAMPUS",
        "bur_beneficiaire": "A4066A",
        "mail_beneficiaire": "damien.loridon@sfr.com",
        "tel_beneficiaire": "+33 (0) 1 87 26 72 04",
        "mob_beneficiaire": "+33 (0) 6 10 46 24 67",
        "status": "En Cours",
        "status_code": "in_progress",
        "change": [],
        "paramItem": "{\"item_id\":\"52356\",\"chg_nb\":\"1\",\"form_id\":\"4048\",\"object_id\":0,\"object_nom\":\"\",\"type_item\":\"REQ\"}"
      },
      {
        "Changes": "",
        "req_id": "I051937",
        "emet_uperid": "u015722",
        "benef_uperid": "u015722",
        "type": "Incident",
        "severite": "",
        "object": "",
        "date_create": "26/03/2021 09:38:58",
        "date_prev": "",
        "date_modif": "26/03/2021 09:38:59",
        "ctner1": null,
        "ctner2": null,
        "resume": "Création d'un ticket suite recherche par Thème",
        "emetteur": "Damien LORIDON",
        "beneficiaire": "Damien LORIDON",
        "grpEnChg": "Demandeur",
        "userEnChg": "Damien LORIDON",
        "site_beneficiaire": "ALTICE CAMPUS",
        "bur_beneficiaire": "A4066A",
        "mail_beneficiaire": "damien.loridon@sfr.com",
        "tel_beneficiaire": "+33 (0) 1 87 26 72 04",
        "mob_beneficiaire": "+33 (0) 6 10 46 24 67",
        "status": "En Cours",
        "status_code": "in_progress",
        "change": [],
        "paramItem": "{\"item_id\":\"51937\",\"chg_nb\":\"1\",\"form_id\":\"4048\",\"object_id\":0,\"object_nom\":\"\",\"type_item\":\"REQ\"}"
      },
      {
        "Changes": "",
        "req_id": "I050310",
        "emet_uperid": "u015722",
        "benef_uperid": "u015722",
        "type": "Incident",
        "severite": "",
        "object": "",
        "date_create": "04/09/2020 11:39:50",
        "date_prev": "",
        "date_modif": "04/09/2020 11:39:50",
        "ctner1": "Support BSR",
        "ctner2": "VPN",
        "resume": "Création d'un ticket suite recherche par Thème",
        "emetteur": "Damien LORIDON",
        "beneficiaire": "Damien LORIDON",
        "grpEnChg": "Demandeur",
        "userEnChg": "Damien LORIDON",
        "site_beneficiaire": "ALTICE CAMPUS",
        "bur_beneficiaire": "A4066A",
        "mail_beneficiaire": "damien.loridon@sfr.com",
        "tel_beneficiaire": "+33 (0) 1 87 26 72 04",
        "mob_beneficiaire": "+33 (0) 6 10 46 24 67",
        "status": "En Cours",
        "status_code": "in_progress",
        "change": [],
        "paramItem": "{\"item_id\":\"50310\",\"chg_nb\":\"1\",\"form_id\":\"4048\",\"object_id\":0,\"object_nom\":\"\",\"type_item\":\"REQ\"}"
      },
      {
        "Changes": "",
        "req_id": "I048768",
        "emet_uperid": "u015722",
        "benef_uperid": "u015722",
        "type": "Incident",
        "severite": "",
        "object": "",
        "date_create": "19/02/2020 09:51:51",
        "date_prev": "",
        "date_modif": "19/02/2020 09:51:52",
        "ctner1": null,
        "ctner2": null,
        "resume": "J'ai un problème dans une application",
        "emetteur": "Damien LORIDON",
        "beneficiaire": "Damien LORIDON",
        "grpEnChg": "Demandeur",
        "userEnChg": "Damien LORIDON",
        "site_beneficiaire": "ALTICE CAMPUS",
        "bur_beneficiaire": "A4066A",
        "mail_beneficiaire": "damien.loridon@sfr.com",
        "tel_beneficiaire": "+33 (0) 1 87 26 72 04",
        "mob_beneficiaire": "+33 (0) 6 10 46 24 67",
        "status": "En Cours",
        "status_code": "in_progress",
        "change": [],
        "paramItem": "{\"item_id\":\"48768\",\"chg_nb\":\"1\",\"form_id\":\"4048\",\"object_id\":0,\"object_nom\":\"\",\"type_item\":\"REQ\"}"
      },
      {
        "Changes": "",
        "req_id": "I048767",
        "emet_uperid": "u015722",
        "benef_uperid": "u015722",
        "type": "Incident",
        "severite": "",
        "object": "",
        "date_create": "18/02/2020 18:03:58",
        "date_prev": "",
        "date_modif": "18/02/2020 18:03:59",
        "ctner1": null,
        "ctner2": null,
        "resume": "J'ai un problème dans une application",
        "emetteur": "Damien LORIDON",
        "beneficiaire": "Damien LORIDON",
        "grpEnChg": "Demandeur",
        "userEnChg": "Damien LORIDON",
        "site_beneficiaire": "ALTICE CAMPUS",
        "bur_beneficiaire": "A4066A",
        "mail_beneficiaire": "damien.loridon@sfr.com",
        "tel_beneficiaire": "+33 (0) 1 87 26 72 04",
        "mob_beneficiaire": "+33 (0) 6 10 46 24 67",
        "status": "En Cours",
        "status_code": "in_progress",
        "change": [],
        "paramItem": "{\"item_id\":\"48767\",\"chg_nb\":\"1\",\"form_id\":\"4048\",\"object_id\":0,\"object_nom\":\"\",\"type_item\":\"REQ\"}"
      },
      {
        "Changes": "",
        "req_id": "I048766",
        "emet_uperid": "u015722",
        "benef_uperid": "u015722",
        "type": "Incident",
        "severite": "",
        "object": "",
        "date_create": "18/02/2020 17:50:22",
        "date_prev": "",
        "date_modif": "18/02/2020 17:50:23",
        "ctner1": null,
        "ctner2": null,
        "resume": "J'ai un problème dans une application",
        "emetteur": "Damien LORIDON",
        "beneficiaire": "Damien LORIDON",
        "grpEnChg": "Demandeur",
        "userEnChg": "Damien LORIDON",
        "site_beneficiaire": "ALTICE CAMPUS",
        "bur_beneficiaire": "A4066A",
        "mail_beneficiaire": "damien.loridon@sfr.com",
        "tel_beneficiaire": "+33 (0) 1 87 26 72 04",
        "mob_beneficiaire": "+33 (0) 6 10 46 24 67",
        "status": "En Cours",
        "status_code": "in_progress",
        "change": [],
        "paramItem": "{\"item_id\":\"48766\",\"chg_nb\":\"1\",\"form_id\":\"4048\",\"object_id\":0,\"object_nom\":\"\",\"type_item\":\"REQ\"}"
      },
      {
        "Changes": "",
        "req_id": "I048765",
        "emet_uperid": "u015722",
        "benef_uperid": "u015722",
        "type": "Incident",
        "severite": "",
        "object": "",
        "date_create": "18/02/2020 17:47:47",
        "date_prev": "",
        "date_modif": "18/02/2020 17:47:47",
        "ctner1": null,
        "ctner2": null,
        "resume": "J'ai un problème dans une application",
        "emetteur": "Damien LORIDON",
        "beneficiaire": "Damien LORIDON",
        "grpEnChg": "Demandeur",
        "userEnChg": "Damien LORIDON",
        "site_beneficiaire": "ALTICE CAMPUS",
        "bur_beneficiaire": "A4066A",
        "mail_beneficiaire": "damien.loridon@sfr.com",
        "tel_beneficiaire": "+33 (0) 1 87 26 72 04",
        "mob_beneficiaire": "+33 (0) 6 10 46 24 67",
        "status": "En Cours",
        "status_code": "in_progress",
        "change": [],
        "paramItem": "{\"item_id\":\"48765\",\"chg_nb\":\"1\",\"form_id\":\"4048\",\"object_id\":0,\"object_nom\":\"\",\"type_item\":\"REQ\"}"
      },
      {
        "Changes": "",
        "req_id": "I048764",
        "emet_uperid": "u015722",
        "benef_uperid": "u015722",
        "type": "Incident",
        "severite": "",
        "object": "",
        "date_create": "18/02/2020 17:36:01",
        "date_prev": "",
        "date_modif": "18/02/2020 17:36:02",
        "ctner1": null,
        "ctner2": null,
        "resume": "J'ai un problème dans une application",
        "emetteur": "Damien LORIDON",
        "beneficiaire": "Damien LORIDON",
        "grpEnChg": "Demandeur",
        "userEnChg": "Damien LORIDON",
        "site_beneficiaire": "ALTICE CAMPUS",
        "bur_beneficiaire": "A4066A",
        "mail_beneficiaire": "damien.loridon@sfr.com",
        "tel_beneficiaire": "+33 (0) 1 87 26 72 04",
        "mob_beneficiaire": "+33 (0) 6 10 46 24 67",
        "status": "En Cours",
        "status_code": "in_progress",
        "change": [],
        "paramItem": "{\"item_id\":\"48764\",\"chg_nb\":\"1\",\"form_id\":\"4048\",\"object_id\":0,\"object_nom\":\"\",\"type_item\":\"REQ\"}"
      },
      {
        "Changes": "",
        "req_id": "I048762",
        "emet_uperid": "u015722",
        "benef_uperid": "u015722",
        "type": "Incident",
        "severite": "",
        "object": "",
        "date_create": "18/02/2020 17:24:11",
        "date_prev": "",
        "date_modif": "18/02/2020 17:24:12",
        "ctner1": null,
        "ctner2": null,
        "resume": "J'ai un problème dans une application",
        "emetteur": "Damien LORIDON",
        "beneficiaire": "Damien LORIDON",
        "grpEnChg": "Demandeur",
        "userEnChg": "Damien LORIDON",
        "site_beneficiaire": "ALTICE CAMPUS",
        "bur_beneficiaire": "A4066A",
        "mail_beneficiaire": "damien.loridon@sfr.com",
        "tel_beneficiaire": "+33 (0) 1 87 26 72 04",
        "mob_beneficiaire": "+33 (0) 6 10 46 24 67",
        "status": "En Cours",
        "status_code": "in_progress",
        "change": [],
        "paramItem": "{\"item_id\":\"48762\",\"chg_nb\":\"1\",\"form_id\":\"4048\",\"object_id\":0,\"object_nom\":\"\",\"type_item\":\"REQ\"}"
      },
      {
        "Changes": "",
        "req_id": "I048761",
        "emet_uperid": "u015722",
        "benef_uperid": "u015722",
        "type": "Incident",
        "severite": "",
        "object": "",
        "date_create": "18/02/2020 17:22:19",
        "date_prev": "",
        "date_modif": "18/02/2020 17:22:20",
        "ctner1": null,
        "ctner2": null,
        "resume": "J'ai un problème dans une application",
        "emetteur": "Damien LORIDON",
        "beneficiaire": "Damien LORIDON",
        "grpEnChg": "Demandeur",
        "userEnChg": "Damien LORIDON",
        "site_beneficiaire": "ALTICE CAMPUS",
        "bur_beneficiaire": "A4066A",
        "mail_beneficiaire": "damien.loridon@sfr.com",
        "tel_beneficiaire": "+33 (0) 1 87 26 72 04",
        "mob_beneficiaire": "+33 (0) 6 10 46 24 67",
        "status": "En Cours",
        "status_code": "in_progress",
        "change": [],
        "paramItem": "{\"item_id\":\"48761\",\"chg_nb\":\"1\",\"form_id\":\"4048\",\"object_id\":0,\"object_nom\":\"\",\"type_item\":\"REQ\"}"
      }
    ],
    "compteur_enquete": 0,
    "compteur_rdv": 0,
    "row_count_total": "133"
  }
}
