{
  "login": {
    "success": true,
    "active_session": 1,
    "session": {
      "universe_id": 1,
      "universe_label": "Bureautique",
      "user_AUTHMYPC": "1",
      "fullname": "LORIDON, Damien [u015722]",
      "user_displayname": "LORIDON, Damien",
      "user_id": "3",
      "user_lastname": "LORIDON",
      "user_firstname": "Damien",
      "user_uperid": "u015722",
      "user_perid": "15722",
      "user_email": "damien.loridon@sfr.com",
      "user_dn": "CN=LORIDON\\\\\\\\, Damien,OU=Standards,OU=Encara,OU=Utilisateurs,DC=encara,DC=local,DC=ads",
      "PS_P_USER_PARTEN": "0",
      "user_group": {
        "1": "1",
        "2": "356",
        "3": "579",
        "4": "671",
        "5": "681",
        "6": "687",
        "7": "704",
        "8": "729",
        "9": "1676",
        "10": "1737",
        "11": "1750",
        "12": "1900",
        "13": 9
      },
      "limited_acces": [
        "admin",
        "adminMenu",
        "ps\\/adm_mapping",
        "ps\\/adm_spe_workflow",
        "ps\\/adm_formulaire",
        "ps\\/admin_socle",
        "ps\\/csl_suivis",
        "ps\\/adm_spe_groupes",
        "ps\\/adm_reporting",
        "ps\\/adm_form_editor",
        "ps\\/CreateExcelFile",
        "ps\\/csl_actions",
        "ps\\/csl_accueil",
        "ps\\/csl_search",
        "mes delegations",
        "widgets",
        "ps\\/rsc_inventory",
        "panneauCom",
        "ps\\/admin_socle_maintenance",
        "ps\\/admin_socle_bandeau_flash",
        "ps\\/admin_socle_new",
        "ps\\/adm_massProcessing",
        "ps\\/rsc_catalog",
        "ps\\/admin_prise_rdv",
        "gest_grp",
        "member_grp"
      ],
      "UNIVERS_ADMIN": 1,
      "limited_acces_w": [
        "admin",
        "ps\\/adm_mapping",
        "ps\\/adm_spe_workflow",
        "ps\\/adm_formulaire",
        "ps\\/admin_socle",
        "ps\\/csl_suivis",
        "ps\\/adm_spe_groupes",
        "ps\\/adm_reporting",
        "ps\\/adm_form_editor",
        "ps\\/CreateExcelFile",
        "ps\\/csl_actions",
        "ps\\/csl_accueil",
        "ps\\/csl_search",
        "mes delegations",
        "widgets",
        "ps\\/rsc_inventory",
        "panneauCom",
        "ps\\/admin_socle_maintenance",
        "ps\\/admin_socle_bandeau_flash",
        "ps\\/admin_socle_new",
        "ps\\/adm_massProcessing",
        "ps\\/rsc_catalog",
        "ps\\/admin_prise_rdv"
      ],
      "active_session": 1,
      "typeconsole": "selfSollicitations"
    },
    "session_id": "i26dg7fi5dk9poeslpf8748aj3"
  },
  "isPcOwner": {
    "code": 1,
    "message": "Le param\\u00e8tre pc_name n'a pas \\u00e9t\\u00e9 transmis et ne se trouve pas en session",
    "success": "false"
  }
}
