{
    "ciEnvironment": "review",
    "isProduction": false,
    "environmentName": "hors_prod_review",
    "socketUrl": "ws://isis-spring-app-back-v2.isis-int.ctn1.pic.services.pack/api/v1",
    "isisSpringBackV2BaseApi": {
      "schemes": "http://",
      "host": "isis-spring-app-back-v2.isis-int.ctn1.pic.services.pack/",
      "basePath": "api/v1/"
    },
    "moteurClarifyBaseApi": {
      "schemes": "http://",
      "host": "moteur-clarify.isis-int.ctn1.pic.services.pack/",
      "basePath": "api/v1/"
    },
    "config": {
      "alarms__cron__timer_init": 60000,
      "alarms__cron__timer_loop": 60000,
      "alarms__lock__timer_loop": 300,
      "alarms__websocket__logs__disable": false
    },
    "keyCloakIsis": {
      "url": "https://auth.pack.valentine.sfr.com/auth/",
      "realm": "valentine",
      "clientId": "isis-ihm"
    }
}